<?xml version="1.0" encoding="UTF-8"?>

<databaseChangeLog
        xmlns="http://www.liquibase.org/xml/ns/dbchangelog"
        xmlns:xsi="http://www.w3.org/2001/XMLSchema-instance"
        xsi:schemaLocation="http://www.liquibase.org/xml/ns/dbchangelog
         http://www.liquibase.org/xml/ns/dbchangelog/dbchangelog-3.1.xsd">

    <changeSet id="1" author="zouabi">

        <createTable tableName="person">
            <column name="id" type="INT"></column>
            <column name="firstname" type="VARCHAR(255)"></column>
            <column name="lastname" type="VARCHAR(255)"></column>
            <column name="age" type="INT"></column>
            <column name="version" type="INT"></column>
        </createTable>

        <sql endDelimiter=";">
            insert into person(id,firstname,lastname,age,version) values(1,'mourad','zouabi',32,0);

            insert into person(id,firstname,lastname,age,version) values(2,'firstName2','lastName2',55,0);

            insert into person(id,firstname,lastname,age,version) values(3,'firstName3','lastName3',22,0);

            insert into person(id,firstname,lastname,age,version) values(4,'firstName4','lastName4',44,0);

            insert into person(id,firstname,lastname,age,version) values(5,'firstName5','lastName5',43,0);

            insert into person(id,firstname,lastname,age,version) values(6,'firstName6','lastName6',66,0);

            insert into person(id,firstname,lastname,age,version) values(7,'firstName7','lastName7',77,0);

            insert into person(id,firstname,lastname,age,version) values(8,'firstName8','lastName8',12,0);

            insert into person(id,firstname,lastname,age,version) values(9,'firstName9','lastName9',6,0);

            insert into person(id,firstname,lastname,age,version) values(10,'firstName10','lastName10',44,0);

            insert into person(id,firstname,lastname,age,version) values(11,'firstName11','lastName11',8,0);

            insert into person(id,firstname,lastname,age,version) values(12,'firstName12','lastName12',8,0);

            insert into person(id,firstname,lastname,age,version) values(13,'firstName13','lastName13',9,0);

            insert into person(id,firstname,lastname,age,version) values(14,'firstName14','lastName14',20,0);

            insert into person(id,firstname,lastname,age,version) values(15,'firstName15','lastName15',20,0);

            insert into person(id,firstname,lastname,age,version) values(16,'firstName16','lastName16',9,0);

            insert into person(id,firstname,lastname,age,version) values(17,'firstName17','lastName17',24,0);

            insert into person(id,firstname,lastname,age,version) values(18,'firstName18','lastName18',20,0);

            insert into person(id,firstname,lastname,age,version) values(19,'firstName19','lastName19',20,0);

            insert into person(id,firstname,lastname,age,version) values(20,'firstName20','lastName20',20,0);

            insert into person(id,firstname,lastname,age,version) values(21,'firstName21','lastName21',20,0);

            insert into person(id,firstname,lastname,age,version) values(22,'firstName22','lastName22',20,0);

            insert into person(id,firstname,lastname,age,version) values(23,'firstName23','lastName23',74,0);

            insert into person(id,firstname,lastname,age,version) values(24,'firstName24','lastName24',8,0);

            insert into person(id,firstname,lastname,age,version) values(25,'firstName25','lastName25',78,0);

            insert into person(id,firstname,lastname,age,version) values(26,'firstName26','lastName26',45,0);

            insert into person(id,firstname,lastname,age,version) values(27,'firstName27','lastName27',20,0);

            insert into person(id,firstname,lastname,age,version) values(28,'firstName28','lastName28',20,0);

            insert into person(id,firstname,lastname,age,version) values(29,'firstName29','lastName29',20,0);

            insert into person(id,firstname,lastname,age,version) values(30,'firstName30','lastName30',20,0);

            insert into person(id,firstname,lastname,age,version) values(31,'firstName31','lastName31',20,0);

            insert into person(id,firstname,lastname,age,version) values(32,'firstName32','lastName32',20,0);

            insert into person(id,firstname,lastname,age,version) values(33,'firstName33','lastName33',20,0);

            insert into person(id,firstname,lastname,age,version) values(34,'firstName34','lastName34',20,0);

            insert into person(id,firstname,lastname,age,version) values(35,'firstName35','lastName35',20,0);

            insert into person(id,firstname,lastname,age,version) values(36,'firstName36','lastName36',20,0);

            insert into person(id,firstname,lastname,age,version) values(37,'firstName37','lastName37',20,0);

            insert into person(id,firstname,lastname,age,version) values(38,'firstName38','lastName38',20,0);

            insert into person(id,firstname,lastname,age,version) values(39,'firstName39','lastName39',20,0);

            insert into person(id,firstname,lastname,age,version) values(40,'firstName40','lastName40',20,0);

            insert into person(id,firstname,lastname,age,version) values(41,'firstName41','lastName41',20,0);

            insert into person(id,firstname,lastname,age,version) values(42,'firstName42','lastName42',20,0);

            insert into person(id,firstname,lastname,age,version) values(43,'firstName43','lastName43',20,0);

            insert into person(id,firstname,lastname,age,version) values(44,'firstName44','lastName44',20,0);

            insert into person(id,firstname,lastname,age,version) values(45,'firstName45','lastName45',20,0);

            insert into person(id,firstname,lastname,age,version) values(46,'firstName46','lastName46',20,0);

            insert into person(id,firstname,lastname,age,version) values(47,'firstName47','lastName47',20,0);

            insert into person(id,firstname,lastname,age,version) values(48,'firstName48','lastName48',20,0);

            insert into person(id,firstname,lastname,age,version) values(49,'firstName49','lastName49',20,0);

            insert into person(id,firstname,lastname,age,version) values(50,'firstName50','lastName50',20,0);

            insert into person(id,firstname,lastname,age,version) values(51,'firstName51','lastName51',20,0);

            insert into person(id,firstname,lastname,age,version) values(52,'firstName52','lastName52',20,0);

            insert into person(id,firstname,lastname,age,version) values(53,'firstName53','lastName53',20,0);

            insert into person(id,firstname,lastname,age,version) values(54,'firstName54','lastName54',20,0);

            insert into person(id,firstname,lastname,age,version) values(55,'firstName55','lastName55',20,0);

            insert into person(id,firstname,lastname,age,version) values(56,'firstName56','lastName56',20,0);

            insert into person(id,firstname,lastname,age,version) values(57,'firstName57','lastName57',20,0);

            insert into person(id,firstname,lastname,age,version) values(58,'firstName58','lastName58',20,0);

            insert into person(id,firstname,lastname,age,version) values(59,'firstName59','lastName59',20,0);

            insert into person(id,firstname,lastname,age,version) values(60,'firstName60','lastName60',20,0);

            insert into person(id,firstname,lastname,age,version) values(61,'firstName61','lastName61',20,0);

            insert into person(id,firstname,lastname,age,version) values(62,'firstName62','lastName62',20,0);

            insert into person(id,firstname,lastname,age,version) values(63,'firstName63','lastName63',20,0);

            insert into person(id,firstname,lastname,age,version) values(64,'firstName64','lastName64',20,0);

            insert into person(id,firstname,lastname,age,version) values(65,'firstName65','lastName65',20,0);

            insert into person(id,firstname,lastname,age,version) values(66,'firstName66','lastName66',20,0);

            insert into person(id,firstname,lastname,age,version) values(67,'firstName67','lastName67',20,0);

            insert into person(id,firstname,lastname,age,version) values(68,'firstName68','lastName68',20,0);

            insert into person(id,firstname,lastname,age,version) values(69,'firstName69','lastName69',20,0);

            insert into person(id,firstname,lastname,age,version) values(70,'firstName70','lastName70',20,0);

            insert into person(id,firstname,lastname,age,version) values(71,'firstName71','lastName71',20,0);

            insert into person(id,firstname,lastname,age,version) values(72,'firstName72','lastName72',20,0);

            insert into person(id,firstname,lastname,age,version) values(73,'firstName73','lastName73',20,0);

            insert into person(id,firstname,lastname,age,version) values(74,'firstName74','lastName74',20,0);

            insert into person(id,firstname,lastname,age,version) values(75,'firstName75','lastName75',20,0);

            insert into person(id,firstname,lastname,age,version) values(76,'firstName76','lastName76',20,0);

            insert into person(id,firstname,lastname,age,version) values(77,'firstName77','lastName77',20,0);

            insert into person(id,firstname,lastname,age,version) values(78,'firstName78','lastName78',20,0);

            insert into person(id,firstname,lastname,age,version) values(79,'firstName79','lastName79',20,0);

            insert into person(id,firstname,lastname,age,version) values(80,'firstName80','lastName80',20,0);

            insert into person(id,firstname,lastname,age,version) values(81,'firstName81','lastName81',20,0);

            insert into person(id,firstname,lastname,age,version) values(82,'firstName82','lastName82',20,0);

            insert into person(id,firstname,lastname,age,version) values(83,'firstName83','lastName83',20,0);

            insert into person(id,firstname,lastname,age,version) values(84,'firstName84','lastName84',20,0);

            insert into person(id,firstname,lastname,age,version) values(85,'firstName85','lastName85',20,0);

            insert into person(id,firstname,lastname,age,version) values(86,'firstName86','lastName86',20,0);

            insert into person(id,firstname,lastname,age,version) values(87,'firstName87','lastName87',20,0);

            insert into person(id,firstname,lastname,age,version) values(88,'firstName88','lastName88',20,0);

            insert into person(id,firstname,lastname,age,version) values(89,'firstName89','lastName89',20,0);

            insert into person(id,firstname,lastname,age,version) values(90,'firstName90','lastName90',20,0);

            insert into person(id,firstname,lastname,age,version) values(91,'firstName91','lastName91',20,0);

            insert into person(id,firstname,lastname,age,version) values(92,'firstName92','lastName92',20,0);

            insert into person(id,firstname,lastname,age,version) values(93,'firstName93','lastName93',20,0);

            insert into person(id,firstname,lastname,age,version) values(94,'firstName94','lastName94',20,0);

            insert into person(id,firstname,lastname,age,version) values(95,'firstName95','lastName95',20,0);

            insert into person(id,firstname,lastname,age,version) values(96,'firstName96','lastName96',20,0);

            insert into person(id,firstname,lastname,age,version) values(97,'firstName97','lastName97',20,0);

            insert into person(id,firstname,lastname,age,version) values(98,'firstName98','lastName98',20,0);

            insert into person(id,firstname,lastname,age,version) values(99,'firstName99','lastName99',20,0);

            insert into person(id,firstname,lastname,age,version) values(100,'firstName100','lastName100',20,0);
        </sql>

    </changeSet>

</databaseChangeLog>